"Id";"Designator";"Footprint";"Quantity";"Designation";"Supplier and ref";
1;"C16,C10";"C_0805_2012Metric_Pad1.18x1.45mm_HandSolder";2;"22u";;;
2;"C7,C14,C11,C8,C2,C3,C9,C13,C19";"C_0603_1608Metric_Pad1.08x0.95mm_HandSolder";9;"100n";;;
3;"U6";"ESP32-WROOM-32";1;"ESP32-WROOM-32";;;
4;"R35,R6,R13,R28,R25";"R_0603_1608Metric_Pad0.98x0.95mm_HandSolder";5;"10K";;;
5;"U5";"LQFP-48_7x7mm_P0.5mm";1;"KSZ8081MLX";;;
6;"R16,R2,R19";"R_0603_1608Metric_Pad0.98x0.95mm_HandSolder";3;"33R";;;
7;"C15";"C_0603_1608Metric_Pad1.08x0.95mm_HandSolder";1;"2u2";;;
8;"C1,C12,C5";"C_0603_1608Metric_Pad1.08x0.95mm_HandSolder";3;"10u";;;
9;"C18";"C_0603_1608Metric_Pad1.08x0.95mm_HandSolder";1;"20n";;;
10;"FB1";"C_0603_1608Metric_Pad1.08x0.95mm_HandSolder";1;"BLM18KG331SH1D";;;
11;"J1";"RJ45_OST_PJ012-8P8CX_Vertical";1;"awesome:RJ45-CAN";;;
12;"J3";"RJ45_Amphenol_RJMG1BD3B8K1ANR";1;"RJ45_Amphenol_RJMG1BD3B8K1ANR";;;
13;"R8,R9";"R_0603_1608Metric_Pad0.98x0.95mm_HandSolder";2;"4K7";;;
14;"R10,R11";"R_0603_1608Metric_Pad0.98x0.95mm_HandSolder";2;"220R";;;
15;"U2";"SOT-223-3_TabPin2";1;"LD1117S33TR_SOT223";;;
16;"U3";"SOT-23";1;"PESD2CAN";;;
17;"U4";"SOIC-8_3.9x4.9mm_P1.27mm";1;"MCP2562-E-SN";;;
18;"R12";"R_0603_1608Metric_Pad0.98x0.95mm_HandSolder";1;"R";;;
19;"H2,H3,H4,H1";"MountingHole_3.2mm_M3";4;"MountingHole";;;
20;"C20";"C_0603_1608Metric_Pad1.08x0.95mm_HandSolder";1;"1u";;;
21;"J4";"WAGO250-204";1;"WAGO250-204";;;
22;"C4,C6";"C_0805_2012Metric_Pad1.18x1.45mm_HandSolder";2;"47u";;;
23;"R30,R31,R29,R4,R24,R3,R1,R5";"R_0603_1608Metric_Pad0.98x0.95mm_HandSolder";8;"100R";;;
24;"R32,R27,R26,R33";"R_0603_1608Metric_Pad0.98x0.95mm_HandSolder";4;"2K2";;;
25;"J2,J5";"02x03MicroMatch";2;"Button-Sensors-MicroMatch2X03";;;
26;"U1";"wuerthDebug6";1;"wuerthDebug6";;;
27;"R20,R21,R22,R23";"R_0603_1608Metric_Pad0.98x0.95mm_HandSolder";4;"50R";;;
